reseller_name,website,city,state,reseller_type,products_resold,smb_vertical_focus,employee_count_estimate,source_notes,verify_status,priority_tier,qualification_score,verify_notes,verified_date,contact_url,contact_email,contact_phone,linkedin_company_url,primary_contact_name,primary_contact_title,primary_contact_linkedin_url
Work Smarter Digital,https://worksmarterdigital.com,Arlington,VA,ghl_white_label,HighLevel CRM Revenue Accelerator,SMB agencies local businesses med spa vertical clients,6+,Gold-path archetype; 6+ yrs HighLevel agency,qualified,A,95,Gold-path reference: white-label HighLevel to local SMB verticals,2026-05-29,https://worksmarterdigital.com/contact,info@worksmarterdigital.com,703-337-3797,https://www.linkedin.com/company/worksmarterdigital,Mary Sue Dahill,CEO & Founder,https://www.linkedin.com/in/marysuedahill
LUD Marketing LLC,https://ludmarketingllc.com,Baltimore,MD,ghl_partner,GoHighLevel SEO Google Ads LinkedIn,Professional services law home services coaches MD DC VA,10+,Website lists GoHighLevel; DMV since 2019,qualified,A,85,GHL on site; Baltimore HQ; MD/DC/VA; law/home services/coaches SMB verticals,2026-05-29,https://ludmarketingllc.com/contact/,hello@ludmarketingllc.com,(443) 451-4226,,Gabriel Lechuga,President & Co-Founder (Drew Kramer CEO on site),https://www.linkedin.com/in/gabriel-lechuga
Services America,https://servicesamerica.com,DMV,VA,marketing_automation,AI marketing systems CRM automation funnels,Home services HVAC plumbing roofing electrical,small,Build page GHL CRM for DMV home services,qualified,A,68,DMV home-services SMB explicit; GHL not confirmed on site (seed corrected),2026-05-29,https://servicesamerica.com/contact-us,support@servicesamerica.com,(202) 972-2333,https://www.linkedin.com/company/webabcs-llc,George Stark,CEO,https://www.linkedin.com/in/webabcs
Fast Slow Motion,https://fastslowmotion.com,Washington,DC,hubspot_salesforce,HubSpot Salesforce implementation,SMB mid-market DC Baltimore metro,117,Official HubSpot DC partner; SMB explicit,maybe,A,58,HubSpot Elite + SF Summit; DC SMB landing page; 117 employees Birmingham HQ remote-first,2026-05-29,,,,,,,
Creative Analytics,https://creativeanalyticsdc.com,Washington,DC,hubspot_partner,HubSpot implementation managed services,B2B tech SaaS SMB DMV,25+,HubSpot partner DC MD VA,maybe,A,62,HubSpot implementation DC/MD/VA; B2B SaaS/pro services not local vertical SMB,2026-05-29,,,,,,,
ElectricSage,https://electricsage.com,Leonardtown,MD,hubspot_partner,HubSpot CRM onboarding migrations, SMB nonprofits hospitality ecommerce Southern MD,5,Certified HubSpot partner SOMD,qualified,A,78,HubSpot Platinum SOMD; SMB small-team language; implementation + enablement,2026-05-29,https://go.electricsage.com/somd,hello@electricsage.com,301-769-7823,https://www.linkedin.com/company/electricsage,Dan Katz,Founder & President,https://www.linkedin.com/in/mtndan
ProperExpression,https://properexpression.com,Rockville,MD,hubspot_partner,HubSpot Platinum implementation RevOps,B2B SMB Bethesda Rockville McLean,20+,HubSpot Platinum MD VA,qualified,A,72,HubSpot Platinum Rockville; CRM migration/onboarding; B2B SMB (not local vertical),2026-05-29,https://www.properexpression.com/,,240-449-7045,https://www.linkedin.com/company/proper-expression,Nikola Ilev,Founder & CEO,https://www.linkedin.com/in/nikolailev
Mole Street,https://molestreet.com,Reston,VA,hubspot_partner,HubSpot Elite enterprise implementations,Mid-market enterprise credit unions accounting,50+,HubSpot Elite VA marketplace,no,A,25,Enterprise/mid-market focus; poor Big Band fit (X01 scale),2026-05-29,,,,,,,
Twelve Rays,https://twelverays.agency,Baltimore,MD,hubspot_partner,HubSpot CRM implementation managed services,B2B Baltimore DMV corridor,15+,Certified HubSpot partner Baltimore page,maybe,A,52,HubSpot Baltimore page; HQ San Diego; B2B not local SMB vertical,2026-05-29,,,,,,,
Measured Results Marketing,https://measuredresultsmarketing.com,Maryland,MD,hubspot_partner,HubSpot Salesforce RevOps, SMB sales marketing alignment,20+,HubSpot Diamond MD directory,maybe,A,66,HubSpot+Salesforce RevOps MD; B2B implementer not local vertical reseller,2026-05-29,,,,,,,
Dupont Circle Solutions,https://dupontcirclesolutions.com,Washington,DC,salesforce_partner,Salesforce CRM consulting,SMB and mid-market DC,30+,Salesforce partner DC team SMB projects,qualified,A,74,DC Salesforce specialists; boutique implementer; SMB-friendly positioning,2026-05-29,https://www.dupontcirclesolutions.com/contact/,hello@dupontcirclesolutions.com,703-340-1443,https://www.linkedin.com/company/dupont-circle-solutions,Ben Hatten,Managing Director & Co-Founder,https://www.linkedin.com/in/benhatten
Southpoint Consulting,https://southpointconsulting.com,Alexandria,VA,salesforce_partner,Salesforce configuration implementation,Public sector commercial nonprofit Alexandria,25,AppExchange Alexandria,maybe,A,56,DMV Salesforce implementer; public-sector lean vs local SMB vertical,2026-05-29,,,,,,,
The OBO Group,https://theobogroup.com,Columbia,MD,hubspot_partner,HubSpot Elite CRM integration Salesforce monday.com,SMB to mid-market DC MD,15,Merged Aptitude 8; obo.digital redirects; Elite HubSpot,qualified,A,70,Elite HubSpot Columbia MD + DC office; CRM implementer (URL updated from obo.digital),2026-05-29,https://aptitude8.com/contact-us,office@oboagency.com,(410) 650-5708,https://www.linkedin.com/company/theobogroup,,Merged with Aptitude 8 — use company contact,https://www.linkedin.com/company/aptitude-8
Simpalm,https://simpalm.com,Rockville,MD,zoho_partner,Mobile web app development Zoho CRM backend,Healthcare startups SMB,38,Zoho partner Rockville MD,no,A,38,Primary app dev shop; Zoho CRM secondary—not CRM reseller ICP,2026-05-29,,,,,,,
SR Professional Marketing,https://srpro.com,Maryland,MD,hubspot_partner,HubSpot RevOps Diamond,B2B SMB,25+,HubSpot Diamond partner MD,qualified,B,68,HubSpot Diamond MD directory; RevOps SMB positioning,2026-05-29,https://www.srpro.marketing/,info@srpro.marketing,+1 917 775 6516,https://www.linkedin.com/company/sr-professional-marketing,Ronen Wasserman,Founder & CEO,https://www.linkedin.com/in/ronenwasserman
Lift Enablement,https://liftenablement.com,Maryland,MD,hubspot_partner,HubSpot revenue operations,B2B growth SMB,20+,HubSpot Diamond MD,qualified,B,68,HubSpot Diamond MD; RevOps implementer,2026-05-29,,,,,,,
TSL Marketing,https://tslmarketing.com,Maryland,MD,hubspot_partner,HubSpot B2B growth,B2B organizations,30+,HubSpot Diamond MD,qualified,B,65,HubSpot Diamond MD directory listing,2026-05-29,,,,,,,
OKIRE,https://okire.com,Maryland,MD,hubspot_partner,HubSpot CRM CMS integration,Small business,10+,HubSpot MD small business focus,no,B,0,Domain parked at Loopia—dead listing remove from outreach,2026-05-29,,,,,,,
NuBiz Solution,https://nubizsolution.com,Frederick,MD,web_agency,WordPress Wix web design SEO apps,Restaurants nonprofits gyms Frederick MD,10+,HubSpot MD SMB hub language,no,B,35,Frederick web/SEO shop; no HubSpot partner badge on site,2026-05-29,,,,,,,
Revv Partners,https://revvpartners.com,North Bethesda,MD,hubspot_partner,HubSpot inbound marketing CRM,SMB medium business explicit,2,HubSpot MD SMB commitment copy,qualified,B,78,HubSpot Solutions Provider; explicit SMB commitment; North Bethesda,2026-05-29,https://www.revvpartners.com/contact/,office@revvpartners.com,(240) 606-8063,https://www.linkedin.com/company/revv-partners-inc,Bob Lange,Owner & Principal Consultant,https://www.linkedin.com/in/langeb2
Juice Box Ops,https://juiceboxops.com,Maryland,MD,hubspot_partner,HubSpot CRM optimization,SMB underutilized CRM teams,10+,HubSpot Gold MD,qualified,B,65,HubSpot Gold MD; CRM optimization for SMB teams,2026-05-29,,,,,,,
fusionSpan,https://fusionspan.com,Maryland,MD,hubspot_partner,HubSpot nonprofit SMB,Nonprofits small business,40+,HubSpot Gold MD,qualified,B,65,HubSpot Gold MD; nonprofit + SMB focus,2026-05-29,,,,,,,
Harpoon Marketing,https://harpoonmarketing.com,Maryland,MD,hubspot_partner,HubSpot marketing consulting,SMB growth,10+,HubSpot MD provider,qualified,B,65,HubSpot MD provider; SMB growth consulting,2026-05-29,,,,,,,
Donnelly Marketing Group,https://donnellymarketing.com,Maryland,MD,hubspot_provider,HubSpot fractional marketing,Small business no full-time CMO,5,HubSpot MD small business,qualified,B,70,HubSpot MD; fractional marketing for small business,2026-05-29,https://ecosystem.hubspot.com/marketplace/solutions/donnellymarketinggroup,,,,Nicole Donnelly,Former Founder (verify current role),https://www.linkedin.com/in/nicole-donnelly-dmg
C Clark Consulting,https://cclarkconsulting.com,Maryland,MD,hubspot_provider,HubSpot lead generation CRM,SMB lead gen,5,HubSpot MD provider,qualified,B,65,HubSpot MD provider; SMB lead gen,2026-05-29,,,,,,,
Innov8tive Brand Management,https://innov8tivebrand.com,Maryland,MD,hubspot_provider,HubSpot onboarding integration,SMB,10+,HubSpot MD onboarding,maybe,B,62,HubSpot MD onboarding listing; site not individually fetched,2026-05-29,,,,,,,
PJM Strategic Planning,https://pjmplanning.com,Maryland,MD,hubspot_admin,HubSpot admin support,SMB cost-conscious,1,HubSpot MD admin freelancer model,maybe,B,58,Solo HubSpot admin; valid but micro-agency scale,2026-05-29,,,,,,,
MethodData,https://methoddata.com,Maryland,MD,hubspot_provider,HubSpot migration integration,SMB migration projects,10+,HubSpot MD,qualified,B,65,HubSpot MD; migration/integration services,2026-05-29,,,,,,,
WireShout,https://wireshout.com,Rockville,MD,msp_hubspot,IT services HubSpot adjacent,SMB Rockville,15+,HubSpot MD + IT services,maybe,B,62,Rockville IT + HubSpot MD listing; dual MSP/marketing,2026-05-29,,,,,,,
MainSpring,https://gomainspring.com,Maryland,MD,msp_automation,IT cybersecurity automation,SMB associations,50+,HubSpot MD IT automation firm,maybe,B,60,MD IT/automation; associations SMB; HubSpot adjacent,2026-05-29,,,,,,,
Response Labs,https://responselabs.com,Baltimore,MD,salesforce_partner,Salesforce Sales Marketing Cloud,B2B marketing teams,20,Clutch Salesforce partner,maybe,B,58,Baltimore Salesforce partner; B2B marketing not local SMB vertical,2026-05-29,,,,,,,
Wexler Marketing,https://wexlermarketing.com,Alexandria,VA,marketing_agency,Digital marketing SEO web design,SMB govcon law firms,10,Clutch CRM consulting Alexandria,no,B,32,Alexandria marketing agency; no CRM resale/implementer offer (X03),2026-05-29,,,,,,,
Insomniac Design,https://insomniacdesign.com,Washington,DC,crm_integration,CRM integration API digital build,SMB to mid-market DC,40,Clutch CRM integration DC,maybe,B,60,DC CRM integration/digital build; mixed SMB-midmarket,2026-05-29,,,,,,,
ImageWorks Creative,https://imageworkscreative.com,Washington,DC,marketing_crm,Email marketing CRM strategy web,SMB DMV startups to enterprise,30,DMV agency full-service marketing,maybe,B,55,DMV full-service marketing; CRM strategy not primary reseller,2026-05-29,,,,,,,
Bizapult,https://bizapult.com,Washington,DC,marketing_automation,Marketing automation CRM funnels,SMB DC,20,Clutch DC marketing automation,maybe,B,55,DC marketing automation; Clutch listing not spot-checked live,2026-05-29,,,,,,,
KME Digital,https://kmedigital.com,Arlington,VA,marketing_analytics,SEO social search analytics,SMB local DMV,15,Elioplus VA HubSpot adjacent,maybe,B,52,Arlington digital marketing; adjacent not CRM implementer,2026-05-29,,,,,,,
MPWRSource,https://mpwrsource.com,Richmond,VA,hubspot_consulting,HubSpot growth consulting,SMB Richmond DMV reach,10,Elioplus VA,maybe,B,54,Richmond VA HubSpot consulting; edge of DMV geography,2026-05-29,,,,,,,
SeeResponse,https://seeresponse.com,Virginia,VA,hubspot_partner,HubSpot demand generation,B2B SMB,15,Elioplus VA HubSpot,qualified,B,65,VA HubSpot partner; B2B SMB demand gen,2026-05-29,,,,,,,
Bright Hello,https://brighthello.com,Washington,DC,hubspot_consulting,HubSpot consulting fractional CMO,SMB DC,10,DC HubSpot consulting firm,maybe,B,58,DC HubSpot consulting; site fetch timeout—directory/clutch basis,2026-05-29,,,,,,,
AutomateNexus,https://automatenexus.com,Silver Spring,MD,salesforce_consulting,Salesforce automation consulting,SMB Silver Spring DMV,10,Web search Salesforce MD,maybe,B,58,Silver Spring Salesforce consulting; seed basis not live-verified,2026-05-29,,,,,,,
GuardIT DMV,https://guarditdmv.com,DMV,VA,msp,Managed IT co-managed cloud,SMB startups nonprofits DC MD VA,25,Website SMB nonprofit focus,qualified,B,70,DMV MSP; SMB startups/nonprofits explicit on site,2026-05-29,https://guarditdmv.com/contact-us/,Info@GuardITdmv.com,(202) 998-2378,,,,
DistrictConnects,https://districtconnects.com,Northern Virginia,VA,msp,Managed IT cybersecurity M365,Growing SMB NoVA DC,20,DMV SMB cybersecurity MSP,qualified,B,68,NoVA MSP; growing-business + DMV service area explicit,2026-05-29,https://districtconnects.com/contact/,,(571) 240-6868,,,,
IT Assurance,https://itassurancemsp.com,Maryland,MD,msp,Managed IT cloud compliance,SMB 10-200 employees,30,SMB-focused MSP MD DC VA,qualified,B,74,MD MSP; SMB 10-200 explicit; MD/VA/DC service area,2026-05-29,https://itassurancemsp.com/contact-us/,sales@itassurancemsp.com,(301) 246-8680,,Bill Campbell,CEO,https://www.linkedin.com/in/billcampbell-balancelogic
JITServices,https://jitservicesllc.com,Loudoun County,VA,mssp,Managed IT security vCISO,SMB 10-200 legal dental finance,15,Loudoun SMB MSSP,qualified,B,76,Loudoun MSSP; SMB 10-200 explicit; strong Big Band adjacency,2026-05-29,https://jitservicesllc.com/,,571-406-8816,,,,
E-N Computers,https://encomputers.com,Virginia,VA,msp,Managed IT CMMC compliance,SMB under 150 employees DMV,25,2026 DMV SMB MSP list,qualified,B,68,DMV MSP; SMB under 150 positioning,2026-05-29,,,,,,,
Network Depot,https://networkdepot.com,DMV,MD,msp,Managed IT services,SMB DMV,40,DMV MSP SMB references,qualified,B,65,DMV MSP; SMB references in market lists,2026-05-29,,,,,,,
Pronto Tech,https://prontotech.com,DMV,VA,msp,Managed IT support,SMB DMV,20,DMV MSP SMB list,maybe,B,62,DMV MSP listing; lighter public SMB proof than peers,2026-05-29,,,,,,,
Thrive Agency,https://thriveagency.com,Washington,DC,marketing_stack,CRM marketing automation web,SMB serves DC metro,100+,Clutch DC national agency SMB clients,maybe,B,48,National agency 100+ employees; serves DC but not boutique reseller,2026-05-29,,,,,,,
Level Agency,https://level.agency,Maryland,MD,hubspot_partner,HubSpot sales-led brands,SMB B2B advertising,50,HubSpot Platinum MD,qualified,B,65,HubSpot Platinum MD directory,2026-05-29,,,,,,,
Illumine8,https://illumine8.com,Maryland,MD,hubspot_partner,HubSpot RevOps building industry,SMB construction trades contractors,20,HubSpot Platinum MD,qualified,B,72,HubSpot RevOps; construction/trades SMB vertical—strong Cat Bot angle,2026-05-29,https://www.illumine8.com/contact,solutions@illumine8.com,301-200-8945,https://www.linkedin.com/company/illumine8,Christina L. May,Founder & CEO,https://www.linkedin.com/in/christinalmay
Digital Polygon,https://digitalpolygon.com,Maryland,MD,hubspot_partner,HubSpot digital agency,SMB B2B,15,HubSpot Platinum MD,qualified,B,65,HubSpot Platinum MD B2B SMB,2026-05-29,,,,,,,
Intero Digital,https://interodigital.com,Washington,DC,marketing_tech,CRM martech SEO paid media,SMB B2B serves DC,100+,Clutch DC digital marketing,maybe,B,45,National scale 100+; DC serve area; weak boutique fit,2026-05-29,,,,,,,
