rank,agency_name,website,domain,city,county,state,headcount,headcount_source,headcount_verified,verify_status,agency_score,signals_fired,smb_verticals,source_notes
1,Apollo Marketing,https://apollollc.com/,apollollc.com,MD,Frederick,USA,7,team_page_count,True,verified,45,"H02[fired]:home_services, contractor, restaurant, legal|H06[verified_open]:Join Apollo as an Account Executive ing approximately 14 qualified ranging from ","home_services,contractor,restaurant,legal",places_census:digital marketing agency Frederick MD; maps=https://maps.google.com/?cid=14962572092000866796&g_mp=Cidnb29nbGUubWFwcy5wbGFjZXMudjEuUGxhY2VzLlNlYXJjaFRleHQQAhgEIAA
2,Arlington Strategy,https://arlingtonstrategy.com/?utm_source=GMB&utm_medium=GMB&utm_campaign=GMB,arlingtonstrategy.com,VA,Arlington,USA,2,team_page_count,True,verified,45,"H02[fired]:dental, legal, nonprofit|H06[verified_open]:We are looking for an accomplished Account Executive to expand business developm","dental,legal,nonprofit",places_census:digital marketing agency Arlington VA; maps=https://maps.google.com/?cid=2556947431085783093&g_mp=Cidnb29nbGUubWFwcy5wbGFjZXMudjEuUGxhY2VzLlNlYXJjaFRleHQQAhgEIAA
3,Work Smarter Digital,https://worksmarterdigital.com,worksmarterdigital.com,Arlington,,VA,19,team_page_count,True,verified,40,"H02[fired]:home_services, contractor, retail, legal|H03b[fired]:Latest post ~2026-04-30: April 30, 2026|H06[not_found]:|H07[fired]:HighLevel","home_services,contractor,retail,legal",Gold-path GHL white-label; also Big Band prospect
4,Samantha Digital,https://samanthadigital.com/virginia-web-design/fairfax-va/,samanthadigital.com,VA,Fairfax,USA,5,team_page_count,True,verified,40,"H02[fired]:home_services, contractor, restaurant, nonprofit, clinic|H04[fired]:designrush|H06[not_found]:|H07[fired]:hubspot","home_services,contractor,restaurant,nonprofit,clinic",places_census:digital marketing agency Fairfax VA; maps=https://maps.google.com/?cid=17811666802433645032&g_mp=Cidnb29nbGUubWFwcy5wbGFjZXMudjEuUGxhY2VzLlNlYXJjaFRleHQQAhgEIAA
5,TESSA Marketing & Technology,https://tessa.tech/?utm_campaign=gmb,tessa.tech,VA,Fairfax,USA,,,False,unverified_size,35,"H02[fired]:dental, home_services, contractor, legal|H03b[fired]:Latest post ~2026-05-19: May 19, 2026|H04[fired]:expertise\.com|H06[not_found]:","dental,home_services,contractor,legal",places_census:digital marketing agency Tysons VA; maps=https://maps.google.com/?cid=2149594378385141861&g_mp=Cidnb29nbGUubWFwcy5wbGFjZXMudjEuUGxhY2VzLlNlYXJjaFRleHQQAhgEIAA
6,Platinum Marketing,https://platinum-marketing.com,platinum-marketing.com,Washington,District of Columbia,DC,8,directory_estimate,False,unverified_size,30,H06[verified_open]:We're looking for a Marketing creative account manager who thrives on relationsh,,DC metro
7,Revv Partners,https://www.revvpartners.com,revvpartners.com,North Bethesda,,MD,2,team_page_count,True,verified,25,"H02[fired]:home_services, legal|H06[not_found]:|H07[fired]:HubSpot","home_services,legal",HubSpot MD SMB explicit; seed from reseller verify
8,KME.digital,https://kme.digital/,kme.digital,VA,Alexandria,USA,9,team_page_count,True,verified,25,"H02[fired]:legal, nonprofit|H06[not_found]:|H07[fired]:hubspot","legal,nonprofit",places_census:digital marketing agency Arlington VA; maps=https://maps.google.com/?cid=11882931039637534147&g_mp=Cidnb29nbGUubWFwcy5wbGFjZXMudjEuUGxhY2VzLlNlYXJjaFRleHQQAhgEIAA
9,Herbst Marketing,https://herbstmarketing.com/,herbstmarketing.com,VA,Alexandria,USA,3,team_page_count,True,verified,20,"H02[fired]:home_services, contractor|H04[fired]:clutch\.co|H06[not_found]:","home_services,contractor",places_census:digital marketing agency Alexandria VA; maps=https://maps.google.com/?cid=11870345110913861379&g_mp=Cidnb29nbGUubWFwcy5wbGFjZXMudjEuUGxhY2VzLlNlYXJjaFRleHQQAhgEIAA
10,Sweet Media Digital Agency,https://sweetmedia.net/,sweetmedia.net,MD,Montgomery,USA,6,team_page_count,True,verified,20,H02[fired]:home_services|H06[not_found]:|H07[fired]:highlevel,home_services,places_census:digital marketing agency Bethesda MD; maps=https://maps.google.com/?cid=7074201055260389022&g_mp=Cidnb29nbGUubWFwcy5wbGFjZXMudjEuUGxhY2VzLlNlYXJjaFRleHQQAhgEIAA
11,Curious Media,https://curiousmedia.com,curiousmedia.com,Washington,District of Columbia,DC,8,directory_estimate,False,unverified_size,15,H06[not_found]:|H07[fired]:HubSpot,,Local vertical SMB
12,Brandefined,https://brandefined.com,brandefined.com,Rockville,,MD,7,directory_estimate,False,unverified_size,5,H02[fired]:legal|H06[not_found]:,legal,Rockville boutique
13,BoBella,https://www.bobellabrands.com/,bobellabrands.com,MD,Montgomery,USA,3,team_page_count,True,verified,5,H02[fired]:retail|H06[not_found]:,retail,places_census:digital marketing agency Bethesda MD; maps=https://maps.google.com/?cid=16142334992848101342&g_mp=Cidnb29nbGUubWFwcy5wbGFjZXMudjEuUGxhY2VzLlNlYXJjaFRleHQQAhgEIAA
14,Delightful Communications,https://delightful.com,delightful.com,Washington,District of Columbia,DC,6,directory_estimate,False,unverified_size,0,H06[not_found]:,,Small DC shop
15,Zero Chaos Marketing,https://zerochaosmarketing.com,zerochaosmarketing.com,Rockville,,MD,6,directory_estimate,False,unverified_size,0,H06[not_found]:,,Rockville SMB focus
16,Brandetize,https://brandetize.com,brandetize.com,Potomac,,MD,10,directory_estimate,False,unverified_size,0,H06[not_found]:,,Potomac marketing
17,SEO Advantage,https://seoadvantage.com,seoadvantage.com,Rockville,,MD,10,directory_estimate,False,unverified_size,0,H06[not_found]:,,Rockville SEO shop
